-- phpMyAdmin SQL Dump
-- version 4.5.1
-- http://www.phpmyadmin.net
--
-- Host: 127.0.0.1
-- Generation Time: Dec 16, 2019 at 02:39 PM
-- Server version: 10.1.19-MariaDB
-- PHP Version: 7.0.13

SET SQL_MODE = "NO_AUTO_VALUE_ON_ZERO";
SET time_zone = "+00:00";


/*!40101 SET @OLD_CHARACTER_SET_CLIENT=@@CHARACTER_SET_CLIENT */;
/*!40101 SET @OLD_CHARACTER_SET_RESULTS=@@CHARACTER_SET_RESULTS */;
/*!40101 SET @OLD_COLLATION_CONNECTION=@@COLLATION_CONNECTION */;
/*!40101 SET NAMES utf8mb4 */;

--
-- Database: `epemilu`
--

-- --------------------------------------------------------

--
-- Table structure for table `login_detail`
--

CREATE TABLE `login_detail` (
  `id_detail` int(11) NOT NULL,
  `id_user` int(11) NOT NULL,
  `tgl_login` datetime NOT NULL
) ENGINE=InnoDB DEFAULT CHARSET=latin1;

-- --------------------------------------------------------

--
-- Table structure for table `tbl_admin`
--

CREATE TABLE `tbl_admin` (
  `id_admin` int(11) NOT NULL,
  `nama` varchar(50) NOT NULL,
  `pass` int(32) NOT NULL
) ENGINE=InnoDB DEFAULT CHARSET=latin1;

--
-- Dumping data for table `tbl_admin`
--

INSERT INTO `tbl_admin` (`id_admin`, `nama`, `pass`) VALUES
(1, 'Adian Ilham Ramadhan', 1),
(2, 'Admin', 2),
(3, 'syachfitri', 1),
(4, 'user', 1);

-- --------------------------------------------------------

--
-- Table structure for table `tbl_calon`
--

CREATE TABLE `tbl_calon` (
  `id_calon` int(11) NOT NULL,
  `no` int(10) NOT NULL,
  `nama` varchar(50) NOT NULL,
  `jurusan` varchar(255) NOT NULL,
  `prodi` varchar(100) NOT NULL,
  `harapan` varchar(100) NOT NULL,
  `foto` varchar(255) NOT NULL,
  `jumlah` int(11) NOT NULL
) ENGINE=InnoDB DEFAULT CHARSET=latin1;

--
-- Dumping data for table `tbl_calon`
--

INSERT INTO `tbl_calon` (`id_calon`, `no`, `nama`, `jurusan`, `prodi`, `harapan`, `foto`, `jumlah`) VALUES
(17, 1, 'DIMAS DHARMA SATYA MAULANA MAJID', 'TEKNIK MESIN', 'D-III TEKNIK MESIN', 'coba', '../img/calon/17.png', 3),
(21, 2, 'ITA HANDAYANI', 'TEKNIK KIMIA', 'D-IV TEKNOLOGI KIMIA INDUSTRI', 'assssss', '../img/calon/21.png', 2),
(22, 3, 'Jokowi - Maruf', 'TEKNIK KIMIA', 'D4 Pembangunan Tol', 'cc', '../img/calon/22.png', 10);

-- --------------------------------------------------------

--
-- Table structure for table `tbl_harapan`
--

CREATE TABLE `tbl_harapan` (
  `id_harapan` int(11) NOT NULL,
  `id_user` int(11) NOT NULL,
  `id_calon` int(11) NOT NULL,
  `harapan` varchar(255) NOT NULL
) ENGINE=InnoDB DEFAULT CHARSET=latin1;

--
-- Dumping data for table `tbl_harapan`
--

INSERT INTO `tbl_harapan` (`id_harapan`, `id_user`, `id_calon`, `harapan`) VALUES
(1, 44, 21, 'sadasdsa'),
(2, 12358, 21, 'ccvcvcvcvcvcfff'),
(3, 12358, 0, 'makin bersih'),
(4, 12358, 0, 'asdadad'),
(5, 12358, 17, 'coba'),
(6, 12358, 21, 'ini aku coba aja'),
(7, 12369, 17, 'pinginnyaaaaa makan :v\nlalalalal\nasyyikk\nduarrrrr hehehe\nehmmmmm\ncoba'),
(8, 12738, 21, 'Ketum nya jancok\r\n');

-- --------------------------------------------------------

--
-- Table structure for table `tbl_penampung`
--

CREATE TABLE `tbl_penampung` (
  `id_penampung` int(11) NOT NULL,
  `id_user` int(11) NOT NULL,
  `id_calon` int(10) NOT NULL,
  `nampung` int(11) NOT NULL
) ENGINE=InnoDB DEFAULT CHARSET=latin1;

--
-- Dumping data for table `tbl_penampung`
--

INSERT INTO `tbl_penampung` (`id_penampung`, `id_user`, `id_calon`, `nampung`) VALUES
(16, 12358, 17, 1),
(17, 12358, 17, 1),
(18, 12358, 21, 1),
(19, 12369, 17, 1),
(20, 12738, 21, 1);

-- --------------------------------------------------------

--
-- Table structure for table `tbl_tata`
--

CREATE TABLE `tbl_tata` (
  `id_tata` int(11) NOT NULL,
  `logo` varchar(255) NOT NULL,
  `warna` varchar(255) NOT NULL,
  `caption` varchar(255) NOT NULL
) ENGINE=InnoDB DEFAULT CHARSET=latin1;

-- --------------------------------------------------------

--
-- Table structure for table `tbl_user`
--

CREATE TABLE `tbl_user` (
  `id_user` int(11) NOT NULL,
  `pin` int(10) NOT NULL,
  `status` enum('sudah','belum') NOT NULL
) ENGINE=InnoDB DEFAULT CHARSET=latin1;

--
-- Dumping data for table `tbl_user`
--

INSERT INTO `tbl_user` (`id_user`, `pin`, `status`) VALUES
(1, 12358, 'sudah'),
(2, 12369, 'sudah'),
(3, 12396, 'belum'),
(4, 12489, 'belum'),
(5, 12495, 'belum'),
(6, 12564, 'belum'),
(7, 12569, 'belum'),
(8, 12579, 'belum'),
(9, 12638, 'belum'),
(10, 12647, 'belum'),
(11, 12648, 'belum'),
(12, 12659, 'belum'),
(13, 12674, 'belum'),
(14, 12684, 'belum'),
(15, 12738, 'sudah'),
(16, 12743, 'belum'),
(17, 12769, 'belum'),
(18, 12785, 'belum'),
(19, 12789, 'belum'),
(20, 12798, 'belum'),
(21, 12835, 'belum'),
(22, 12845, 'belum'),
(23, 12847, 'belum'),
(24, 12849, 'belum'),
(25, 12859, 'belum'),
(26, 12863, 'belum'),
(27, 12894, 'belum'),
(28, 12943, 'belum'),
(29, 12947, 'belum'),
(30, 12956, 'belum'),
(31, 12973, 'belum'),
(32, 12974, 'belum'),
(33, 12984, 'belum'),
(34, 13258, 'belum'),
(35, 13279, 'belum'),
(36, 13298, 'belum'),
(37, 13426, 'belum'),
(38, 13429, 'belum'),
(39, 13457, 'belum'),
(40, 13459, 'belum'),
(41, 13465, 'belum'),
(42, 13495, 'belum'),
(43, 13548, 'belum'),
(44, 13574, 'belum'),
(45, 13576, 'belum'),
(46, 13582, 'belum'),
(47, 13625, 'belum'),
(48, 13645, 'belum'),
(49, 13654, 'belum'),
(50, 13754, 'belum'),
(51, 13762, 'belum'),
(52, 13789, 'belum'),
(53, 13825, 'belum'),
(54, 13827, 'belum'),
(55, 13842, 'belum'),
(56, 13849, 'belum'),
(57, 13857, 'belum'),
(58, 13864, 'belum'),
(59, 13875, 'belum'),
(60, 13895, 'belum'),
(61, 13925, 'belum'),
(62, 13927, 'belum'),
(63, 13962, 'belum'),
(64, 13974, 'belum'),
(65, 13985, 'belum'),
(66, 14253, 'belum'),
(67, 14259, 'belum'),
(68, 14263, 'belum'),
(69, 14279, 'belum'),
(70, 14372, 'belum'),
(71, 14379, 'belum'),
(72, 14562, 'belum'),
(73, 14567, 'belum'),
(74, 14586, 'belum'),
(75, 14623, 'belum'),
(76, 14632, 'belum'),
(77, 14653, 'belum'),
(78, 14673, 'belum'),
(79, 14682, 'belum'),
(80, 14693, 'belum'),
(81, 14695, 'belum'),
(82, 14758, 'belum'),
(83, 14823, 'belum'),
(84, 14825, 'belum'),
(85, 14872, 'belum'),
(86, 14897, 'belum'),
(87, 14927, 'belum'),
(88, 14937, 'belum'),
(89, 14953, 'belum'),
(90, 14958, 'belum'),
(91, 15236, 'belum'),
(92, 15248, 'belum'),
(93, 15267, 'belum'),
(94, 15293, 'belum'),
(95, 15298, 'belum'),
(96, 15349, 'belum'),
(97, 15369, 'belum'),
(98, 15374, 'belum'),
(99, 15432, 'belum'),
(100, 15473, 'belum'),
(101, 15486, 'belum'),
(102, 15683, 'belum'),
(103, 15726, 'belum'),
(104, 15729, 'belum'),
(105, 15739, 'belum'),
(106, 15762, 'belum'),
(107, 15769, 'belum'),
(108, 15796, 'belum'),
(109, 15832, 'belum'),
(110, 15928, 'belum'),
(111, 15964, 'belum'),
(112, 15968, 'belum'),
(113, 15978, 'belum'),
(114, 15984, 'belum'),
(115, 16234, 'belum'),
(116, 16238, 'belum'),
(117, 16243, 'belum'),
(118, 16259, 'belum'),
(119, 16278, 'belum'),
(120, 16287, 'belum'),
(121, 16289, 'belum'),
(122, 16374, 'belum'),
(123, 16429, 'belum'),
(124, 16492, 'belum'),
(125, 16534, 'belum'),
(126, 16573, 'belum'),
(127, 16578, 'belum'),
(128, 16734, 'belum'),
(129, 16759, 'belum'),
(130, 16824, 'belum'),
(131, 16835, 'belum'),
(132, 16842, 'belum'),
(133, 16843, 'belum'),
(134, 16853, 'belum'),
(135, 16854, 'belum'),
(136, 16895, 'belum'),
(137, 16928, 'belum'),
(138, 16948, 'belum'),
(139, 16982, 'belum'),
(140, 17264, 'belum'),
(141, 17284, 'belum'),
(142, 17285, 'belum'),
(143, 17286, 'belum'),
(144, 17295, 'belum'),
(145, 17324, 'belum'),
(146, 17325, 'belum'),
(147, 17328, 'belum'),
(148, 17345, 'belum'),
(149, 17362, 'belum'),
(150, 17389, 'belum'),
(151, 17436, 'belum'),
(152, 17486, 'belum'),
(153, 17489, 'belum'),
(154, 17492, 'belum'),
(155, 17546, 'belum'),
(156, 17593, 'belum'),
(157, 17623, 'belum'),
(158, 17625, 'belum'),
(159, 17635, 'belum'),
(160, 17649, 'belum'),
(161, 17652, 'belum'),
(162, 17698, 'belum'),
(163, 17824, 'belum'),
(164, 17835, 'belum'),
(165, 17896, 'belum'),
(166, 17932, 'belum'),
(167, 17948, 'belum'),
(168, 17953, 'belum'),
(169, 17986, 'belum'),
(170, 18239, 'belum'),
(171, 18245, 'belum'),
(172, 18246, 'belum'),
(173, 18269, 'belum'),
(174, 18324, 'belum'),
(175, 18326, 'belum'),
(176, 18356, 'belum'),
(177, 18357, 'belum'),
(178, 18375, 'belum'),
(179, 18427, 'belum'),
(180, 18429, 'belum'),
(181, 18435, 'belum'),
(182, 18462, 'belum'),
(183, 18473, 'belum'),
(184, 18623, 'belum'),
(185, 18632, 'belum'),
(186, 18697, 'belum'),
(187, 18729, 'belum'),
(188, 18926, 'belum'),
(189, 18956, 'belum'),
(190, 19234, 'belum'),
(191, 19236, 'belum'),
(192, 19287, 'belum'),
(193, 19328, 'belum'),
(194, 19357, 'belum'),
(195, 19358, 'belum'),
(196, 19364, 'belum'),
(197, 19368, 'belum'),
(198, 19375, 'belum'),
(199, 19385, 'belum'),
(200, 19386, 'belum'),
(201, 19427, 'belum'),
(202, 19432, 'belum'),
(203, 19462, 'belum'),
(204, 19475, 'belum'),
(205, 19485, 'belum'),
(206, 19528, 'belum'),
(207, 19538, 'belum'),
(208, 19547, 'belum'),
(209, 19568, 'belum'),
(210, 19583, 'belum'),
(211, 19638, 'belum'),
(212, 19654, 'belum'),
(213, 19685, 'belum'),
(214, 19723, 'belum'),
(215, 19748, 'belum'),
(216, 19752, 'belum'),
(217, 19763, 'belum'),
(218, 19782, 'belum'),
(219, 19823, 'belum'),
(220, 19842, 'belum'),
(221, 19852, 'belum'),
(222, 19872, 'belum'),
(223, 19874, 'belum'),
(224, 21346, 'belum'),
(225, 21347, 'belum'),
(226, 21356, 'belum'),
(227, 21359, 'belum'),
(228, 21387, 'belum'),
(229, 21394, 'belum'),
(230, 21436, 'belum'),
(231, 21439, 'belum'),
(232, 21457, 'belum'),
(233, 21549, 'belum'),
(234, 21573, 'belum'),
(235, 21586, 'belum'),
(236, 21657, 'belum'),
(237, 21695, 'belum'),
(238, 21698, 'belum'),
(239, 21736, 'belum'),
(240, 21738, 'belum'),
(241, 21768, 'belum'),
(242, 21786, 'belum'),
(243, 21798, 'belum'),
(244, 21839, 'belum'),
(245, 21849, 'belum'),
(246, 21853, 'belum'),
(247, 21859, 'belum'),
(248, 21867, 'belum'),
(249, 21873, 'belum'),
(250, 21935, 'belum'),
(251, 21963, 'belum'),
(252, 21973, 'belum'),
(253, 21974, 'belum'),
(254, 21985, 'belum'),
(255, 23159, 'belum'),
(256, 23419, 'belum'),
(257, 23457, 'belum'),
(258, 23478, 'belum'),
(259, 23491, 'belum'),
(260, 23495, 'belum'),
(261, 23517, 'belum'),
(262, 23648, 'belum'),
(263, 23674, 'belum'),
(264, 23675, 'belum'),
(265, 23714, 'belum'),
(266, 23716, 'belum'),
(267, 23764, 'belum'),
(268, 23865, 'belum'),
(269, 23874, 'belum'),
(270, 23879, 'belum'),
(271, 23894, 'belum'),
(272, 23947, 'belum'),
(273, 23951, 'belum'),
(274, 23958, 'belum'),
(275, 23961, 'belum'),
(276, 23964, 'belum'),
(277, 23967, 'belum'),
(278, 23974, 'belum'),
(279, 23981, 'belum'),
(280, 23985, 'belum'),
(281, 23986, 'belum'),
(282, 24153, 'belum'),
(283, 24175, 'belum'),
(284, 24193, 'belum'),
(285, 24195, 'belum'),
(286, 24367, 'belum'),
(287, 24396, 'belum'),
(288, 24516, 'belum'),
(289, 24519, 'belum'),
(290, 24573, 'belum'),
(291, 24593, 'belum'),
(292, 24597, 'belum'),
(293, 24618, 'belum'),
(294, 24683, 'belum'),
(295, 24719, 'belum'),
(296, 24795, 'belum'),
(297, 24798, 'belum'),
(298, 24851, 'belum'),
(299, 24865, 'belum'),
(300, 24876, 'belum'),
(301, 24879, 'belum'),
(302, 24893, 'belum'),
(303, 24913, 'belum'),
(304, 24917, 'belum'),
(305, 24935, 'belum'),
(306, 24953, 'belum'),
(307, 24956, 'belum'),
(308, 24958, 'belum'),
(309, 24961, 'belum'),
(310, 24986, 'belum'),
(311, 25143, 'belum'),
(312, 25178, 'belum'),
(313, 25314, 'belum'),
(314, 25371, 'belum'),
(315, 25384, 'belum'),
(316, 25387, 'belum'),
(317, 25417, 'belum'),
(318, 25476, 'belum'),
(319, 25487, 'belum'),
(320, 25643, 'belum'),
(321, 25678, 'belum'),
(322, 25679, 'belum'),
(323, 25694, 'belum'),
(324, 25738, 'belum'),
(325, 25794, 'belum'),
(326, 25796, 'belum'),
(327, 25836, 'belum'),
(328, 25863, 'belum'),
(329, 25891, 'belum'),
(330, 25918, 'belum'),
(331, 25948, 'belum'),
(332, 25968, 'belum'),
(333, 25984, 'belum'),
(334, 26134, 'belum'),
(335, 26143, 'belum'),
(336, 26195, 'belum'),
(337, 26198, 'belum'),
(338, 26345, 'belum'),
(339, 26354, 'belum'),
(340, 26375, 'belum'),
(341, 26378, 'belum'),
(342, 26415, 'belum'),
(343, 26435, 'belum'),
(344, 26519, 'belum'),
(345, 26531, 'belum'),
(346, 26534, 'belum'),
(347, 26537, 'belum'),
(348, 26571, 'belum'),
(349, 26578, 'belum'),
(350, 26584, 'belum'),
(351, 26593, 'belum'),
(352, 26745, 'belum'),
(353, 26785, 'belum'),
(354, 26795, 'belum'),
(355, 26814, 'belum'),
(356, 26817, 'belum'),
(357, 26873, 'belum'),
(358, 26917, 'belum'),
(359, 26931, 'belum'),
(360, 26935, 'belum'),
(361, 26954, 'belum'),
(362, 26975, 'belum'),
(363, 27136, 'belum'),
(364, 27139, 'belum'),
(365, 27198, 'belum'),
(366, 27365, 'belum'),
(367, 27394, 'belum'),
(368, 27435, 'belum'),
(369, 27439, 'belum'),
(370, 27468, 'belum'),
(371, 27486, 'belum'),
(372, 27514, 'belum'),
(373, 27591, 'belum'),
(374, 27613, 'belum'),
(375, 27648, 'belum'),
(376, 27654, 'belum'),
(377, 27681, 'belum'),
(378, 27695, 'belum'),
(379, 27845, 'belum'),
(380, 27854, 'belum'),
(381, 27864, 'belum'),
(382, 27891, 'belum'),
(383, 27896, 'belum'),
(384, 27934, 'belum'),
(385, 27956, 'belum'),
(386, 27958, 'belum'),
(387, 27985, 'belum'),
(388, 28134, 'belum'),
(389, 28147, 'belum'),
(390, 28163, 'belum'),
(391, 28173, 'belum'),
(392, 28194, 'belum'),
(393, 28316, 'belum'),
(394, 28357, 'belum'),
(395, 28364, 'belum'),
(396, 28379, 'belum'),
(397, 28435, 'belum'),
(398, 28451, 'belum'),
(399, 28473, 'belum'),
(400, 28564, 'belum'),
(401, 28574, 'belum'),
(402, 28593, 'belum'),
(403, 28596, 'belum'),
(404, 28597, 'belum'),
(405, 28613, 'belum'),
(406, 28619, 'belum'),
(407, 28645, 'belum'),
(408, 28691, 'belum'),
(409, 28694, 'belum'),
(410, 28695, 'belum'),
(411, 28697, 'belum'),
(412, 28713, 'belum'),
(413, 28743, 'belum'),
(414, 28745, 'belum'),
(415, 28769, 'belum'),
(416, 28915, 'belum'),
(417, 28943, 'belum'),
(418, 28953, 'belum'),
(419, 28971, 'belum'),
(420, 28976, 'belum'),
(421, 29138, 'belum'),
(422, 29146, 'belum'),
(423, 29157, 'belum'),
(424, 29165, 'belum'),
(425, 29173, 'belum'),
(426, 29174, 'belum'),
(427, 29176, 'belum'),
(428, 29314, 'belum'),
(429, 29318, 'belum'),
(430, 29346, 'belum'),
(431, 29348, 'belum'),
(432, 29358, 'belum'),
(433, 29368, 'belum'),
(434, 29456, 'belum'),
(435, 29518, 'belum'),
(436, 29548, 'belum'),
(437, 29573, 'belum'),
(438, 29617, 'belum'),
(439, 29634, 'belum'),
(440, 29635, 'belum'),
(441, 29645, 'belum'),
(442, 29648, 'belum'),
(443, 29654, 'belum'),
(444, 29657, 'belum'),
(445, 29675, 'belum'),
(446, 29741, 'belum'),
(447, 29784, 'belum'),
(448, 29785, 'belum'),
(449, 29831, 'belum'),
(450, 29867, 'belum'),
(451, 29871, 'belum'),
(452, 29876, 'belum'),
(453, 31245, 'belum'),
(454, 31267, 'belum'),
(455, 31275, 'belum'),
(456, 31298, 'belum'),
(457, 31429, 'belum'),
(458, 31459, 'belum'),
(459, 31467, 'belum'),
(460, 31479, 'belum'),
(461, 31487, 'belum'),
(462, 31496, 'belum'),
(463, 31524, 'belum'),
(464, 31548, 'belum'),
(465, 31562, 'belum'),
(466, 31582, 'belum'),
(467, 31647, 'belum'),
(468, 31652, 'belum'),
(469, 31695, 'belum'),
(470, 31697, 'belum'),
(471, 31784, 'belum'),
(472, 31794, 'belum'),
(473, 31824, 'belum'),
(474, 31827, 'belum'),
(475, 31859, 'belum'),
(476, 31876, 'belum'),
(477, 31926, 'belum'),
(478, 31927, 'belum'),
(479, 31928, 'belum'),
(480, 31948, 'belum'),
(481, 31958, 'belum'),
(482, 31965, 'belum'),
(483, 31974, 'belum'),
(484, 31987, 'belum'),
(485, 32147, 'belum'),
(486, 32157, 'belum'),
(487, 32159, 'belum'),
(488, 32184, 'belum'),
(489, 32187, 'belum'),
(490, 32196, 'belum'),
(491, 32469, 'belum'),
(492, 32485, 'belum'),
(493, 32489, 'belum'),
(494, 32546, 'belum'),
(495, 32547, 'belum'),
(496, 32549, 'belum'),
(497, 32571, 'belum'),
(498, 32574, 'belum'),
(499, 32578, 'belum'),
(500, 32657, 'belum'),
(501, 32678, 'belum'),
(502, 32684, 'belum'),
(503, 32689, 'belum'),
(504, 32719, 'belum'),
(505, 32761, 'belum'),
(506, 32785, 'belum'),
(507, 32795, 'belum'),
(508, 32798, 'belum'),
(509, 32815, 'belum'),
(510, 32846, 'belum'),
(511, 32847, 'belum'),
(512, 32854, 'belum'),
(513, 32857, 'belum'),
(514, 32864, 'belum'),
(515, 32896, 'belum'),
(516, 32916, 'belum'),
(517, 32956, 'belum'),
(518, 32987, 'belum'),
(519, 34127, 'belum'),
(520, 34129, 'belum'),
(521, 34169, 'belum'),
(522, 34179, 'belum'),
(523, 34215, 'belum'),
(524, 34216, 'belum'),
(525, 34286, 'belum'),
(526, 34291, 'belum'),
(527, 34295, 'belum'),
(528, 34526, 'belum'),
(529, 34528, 'belum'),
(530, 34529, 'belum'),
(531, 34569, 'belum'),
(532, 34576, 'belum'),
(533, 34598, 'belum'),
(534, 34628, 'belum'),
(535, 34715, 'belum'),
(536, 34752, 'belum'),
(537, 34786, 'belum'),
(538, 34815, 'belum'),
(539, 34821, 'belum'),
(540, 34826, 'belum'),
(541, 34872, 'belum'),
(542, 34897, 'belum'),
(543, 34917, 'belum'),
(544, 34918, 'belum'),
(545, 34958, 'belum'),
(546, 34961, 'belum'),
(547, 34972, 'belum'),
(548, 34976, 'belum'),
(549, 35174, 'belum'),
(550, 35189, 'belum'),
(551, 35197, 'belum'),
(552, 35214, 'belum'),
(553, 35241, 'belum'),
(554, 35246, 'belum'),
(555, 35264, 'belum'),
(556, 35284, 'belum'),
(557, 35289, 'belum'),
(558, 35419, 'belum'),
(559, 35427, 'belum'),
(560, 35462, 'belum'),
(561, 35482, 'belum'),
(562, 35628, 'belum'),
(563, 35649, 'belum'),
(564, 35682, 'belum'),
(565, 35712, 'belum'),
(566, 35721, 'belum'),
(567, 35746, 'belum'),
(568, 35768, 'belum'),
(569, 35781, 'belum'),
(570, 35829, 'belum'),
(571, 35847, 'belum'),
(572, 35864, 'belum'),
(573, 35876, 'belum'),
(574, 36157, 'belum'),
(575, 36158, 'belum'),
(576, 36184, 'belum'),
(577, 36192, 'belum'),
(578, 36197, 'belum'),
(579, 36214, 'belum'),
(580, 36219, 'belum'),
(581, 36251, 'belum'),
(582, 36257, 'belum'),
(583, 36281, 'belum'),
(584, 36291, 'belum'),
(585, 36452, 'belum'),
(586, 36512, 'belum'),
(587, 36594, 'belum'),
(588, 36718, 'belum'),
(589, 36745, 'belum'),
(590, 36748, 'belum'),
(591, 36782, 'belum'),
(592, 36819, 'belum'),
(593, 36854, 'belum'),
(594, 36857, 'belum'),
(595, 36917, 'belum'),
(596, 36941, 'belum'),
(597, 37142, 'belum'),
(598, 37148, 'belum'),
(599, 37152, 'belum'),
(600, 37159, 'belum'),
(601, 37165, 'belum'),
(602, 37168, 'belum'),
(603, 37169, 'belum'),
(604, 37245, 'belum'),
(605, 37264, 'belum'),
(606, 37268, 'belum'),
(607, 37285, 'belum'),
(608, 37294, 'belum'),
(609, 37486, 'belum'),
(610, 37489, 'belum'),
(611, 37498, 'belum'),
(612, 37521, 'belum'),
(613, 37529, 'belum'),
(614, 37581, 'belum'),
(615, 37586, 'belum'),
(616, 37812, 'belum'),
(617, 37815, 'belum'),
(618, 37825, 'belum'),
(619, 37859, 'belum'),
(620, 37912, 'belum'),
(621, 37914, 'belum'),
(622, 37918, 'belum'),
(623, 37986, 'belum'),
(624, 38152, 'belum'),
(625, 38154, 'belum'),
(626, 38162, 'belum'),
(627, 38169, 'belum'),
(628, 38174, 'belum'),
(629, 38175, 'belum'),
(630, 38176, 'belum'),
(631, 38197, 'belum'),
(632, 38217, 'belum'),
(633, 38279, 'belum'),
(634, 38412, 'belum'),
(635, 38457, 'belum'),
(636, 38462, 'belum'),
(637, 38517, 'belum'),
(638, 38529, 'belum'),
(639, 38541, 'belum'),
(640, 38617, 'belum'),
(641, 38641, 'belum'),
(642, 38691, 'belum'),
(643, 38692, 'belum'),
(644, 38751, 'belum'),
(645, 38754, 'belum'),
(646, 38756, 'belum'),
(647, 38792, 'belum'),
(648, 38796, 'belum'),
(649, 38912, 'belum'),
(650, 38921, 'belum'),
(651, 38957, 'belum'),
(652, 38975, 'belum'),
(653, 39128, 'belum'),
(654, 39146, 'belum'),
(655, 39148, 'belum'),
(656, 39152, 'belum'),
(657, 39176, 'belum'),
(658, 39187, 'belum'),
(659, 39248, 'belum'),
(660, 39278, 'belum'),
(661, 39284, 'belum'),
(662, 39418, 'belum'),
(663, 39427, 'belum'),
(664, 39462, 'belum'),
(665, 39467, 'belum'),
(666, 39476, 'belum'),
(667, 39485, 'belum'),
(668, 39487, 'belum'),
(669, 39514, 'belum'),
(670, 39516, 'belum'),
(671, 39521, 'belum'),
(672, 39568, 'belum'),
(673, 39574, 'belum'),
(674, 39615, 'belum'),
(675, 39617, 'belum'),
(676, 39627, 'belum'),
(677, 39671, 'belum'),
(678, 39687, 'belum'),
(679, 39721, 'belum'),
(680, 39724, 'belum'),
(681, 39752, 'belum'),
(682, 39754, 'belum'),
(683, 39758, 'belum'),
(684, 39764, 'belum'),
(685, 39846, 'belum'),
(686, 39857, 'belum'),
(687, 39872, 'belum'),
(688, 41236, 'belum'),
(689, 41237, 'belum'),
(690, 41256, 'belum'),
(691, 41267, 'belum'),
(692, 41285, 'belum'),
(693, 41297, 'belum'),
(694, 41328, 'belum'),
(695, 41358, 'belum'),
(696, 41359, 'belum'),
(697, 41382, 'belum'),
(698, 41397, 'belum'),
(699, 41532, 'belum'),
(700, 41568, 'belum'),
(701, 41572, 'belum'),
(702, 41578, 'belum'),
(703, 41627, 'belum'),
(704, 41697, 'belum'),
(705, 41735, 'belum'),
(706, 41753, 'belum'),
(707, 41763, 'belum'),
(708, 41768, 'belum'),
(709, 41829, 'belum'),
(710, 41857, 'belum'),
(711, 41872, 'belum'),
(712, 41876, 'belum'),
(713, 41923, 'belum'),
(714, 41927, 'belum'),
(715, 41983, 'belum'),
(716, 41985, 'belum'),
(717, 42138, 'belum'),
(718, 42167, 'belum'),
(719, 42173, 'belum'),
(720, 42186, 'belum'),
(721, 42319, 'belum'),
(722, 42359, 'belum'),
(723, 42367, 'belum'),
(724, 42375, 'belum'),
(725, 42567, 'belum'),
(726, 42583, 'belum'),
(727, 42675, 'belum'),
(728, 42689, 'belum'),
(729, 42739, 'belum'),
(730, 42753, 'belum'),
(731, 42761, 'belum'),
(732, 42816, 'belum'),
(733, 42861, 'belum'),
(734, 42865, 'belum'),
(735, 42935, 'belum'),
(736, 42978, 'belum'),
(737, 43126, 'belum'),
(738, 43129, 'belum'),
(739, 43159, 'belum'),
(740, 43162, 'belum'),
(741, 43186, 'belum'),
(742, 43195, 'belum'),
(743, 43217, 'belum'),
(744, 43265, 'belum'),
(745, 43268, 'belum'),
(746, 43281, 'belum'),
(747, 43295, 'belum'),
(748, 43572, 'belum'),
(749, 43586, 'belum'),
(750, 43596, 'belum'),
(751, 43612, 'belum'),
(752, 43671, 'belum'),
(753, 43691, 'belum'),
(754, 43692, 'belum'),
(755, 43716, 'belum'),
(756, 43726, 'belum'),
(757, 43761, 'belum'),
(758, 43762, 'belum'),
(759, 43795, 'belum'),
(760, 43897, 'belum'),
(761, 43957, 'belum'),
(762, 43968, 'belum'),
(763, 43982, 'belum'),
(764, 43986, 'belum'),
(765, 45129, 'belum'),
(766, 45163, 'belum'),
(767, 45187, 'belum'),
(768, 45236, 'belum'),
(769, 45239, 'belum'),
(770, 45287, 'belum'),
(771, 45291, 'belum'),
(772, 45296, 'belum'),
(773, 45321, 'belum'),
(774, 45326, 'belum'),
(775, 45367, 'belum'),
(776, 45376, 'belum'),
(777, 45381, 'belum'),
(778, 45387, 'belum'),
(779, 45397, 'belum'),
(780, 45613, 'belum'),
(781, 45623, 'belum'),
(782, 45628, 'belum'),
(783, 45632, 'belum'),
(784, 45673, 'belum'),
(785, 45698, 'belum'),
(786, 45712, 'belum'),
(787, 45728, 'belum'),
(788, 45736, 'belum'),
(789, 45769, 'belum'),
(790, 45827, 'belum'),
(791, 45829, 'belum'),
(792, 45863, 'belum'),
(793, 45869, 'belum'),
(794, 45876, 'belum'),
(795, 45932, 'belum'),
(796, 45938, 'belum'),
(797, 46182, 'belum'),
(798, 46187, 'belum'),
(799, 46197, 'belum'),
(800, 46259, 'belum'),
(801, 46278, 'belum'),
(802, 46289, 'belum'),
(803, 46298, 'belum'),
(804, 46319, 'belum'),
(805, 46321, 'belum'),
(806, 46352, 'belum'),
(807, 46372, 'belum'),
(808, 46381, 'belum'),
(809, 46382, 'belum'),
(810, 46389, 'belum'),
(811, 46531, 'belum'),
(812, 46532, 'belum'),
(813, 46589, 'belum'),
(814, 46597, 'belum'),
(815, 46723, 'belum'),
(816, 46728, 'belum'),
(817, 46752, 'belum'),
(818, 46759, 'belum'),
(819, 46781, 'belum'),
(820, 46832, 'belum'),
(821, 46872, 'belum'),
(822, 46873, 'belum'),
(823, 46892, 'belum'),
(824, 46952, 'belum'),
(825, 47128, 'belum'),
(826, 47152, 'belum'),
(827, 47158, 'belum'),
(828, 47168, 'belum'),
(829, 47185, 'belum'),
(830, 47219, 'belum'),
(831, 47236, 'belum'),
(832, 47238, 'belum'),
(833, 47263, 'belum'),
(834, 47329, 'belum'),
(835, 47365, 'belum'),
(836, 47369, 'belum'),
(837, 47382, 'belum'),
(838, 47519, 'belum'),
(839, 47538, 'belum'),
(840, 47563, 'belum'),
(841, 47568, 'belum'),
(842, 47598, 'belum'),
(843, 47682, 'belum'),
(844, 47685, 'belum'),
(845, 47692, 'belum'),
(846, 47816, 'belum'),
(847, 47831, 'belum'),
(848, 47925, 'belum'),
(849, 47932, 'belum'),
(850, 47951, 'belum'),
(851, 48137, 'belum'),
(852, 48152, 'belum'),
(853, 48157, 'belum'),
(854, 48165, 'belum'),
(855, 48169, 'belum'),
(856, 48175, 'belum'),
(857, 48179, 'belum'),
(858, 48196, 'belum'),
(859, 48216, 'belum'),
(860, 48217, 'belum'),
(861, 48256, 'belum'),
(862, 48269, 'belum'),
(863, 48276, 'belum'),
(864, 48296, 'belum'),
(865, 48317, 'belum'),
(866, 48325, 'belum'),
(867, 48327, 'belum'),
(868, 48352, 'belum'),
(869, 48372, 'belum'),
(870, 48375, 'belum'),
(871, 48391, 'belum'),
(872, 48396, 'belum'),
(873, 48512, 'belum'),
(874, 48531, 'belum'),
(875, 48532, 'belum'),
(876, 48576, 'belum'),
(877, 48596, 'belum'),
(878, 48597, 'belum'),
(879, 48617, 'belum'),
(880, 48715, 'belum'),
(881, 48716, 'belum'),
(882, 48723, 'belum'),
(883, 48753, 'belum'),
(884, 48796, 'belum'),
(885, 48926, 'belum'),
(886, 48932, 'belum'),
(887, 48936, 'belum'),
(888, 48952, 'belum'),
(889, 48956, 'belum'),
(890, 48967, 'belum'),
(891, 48971, 'belum'),
(892, 49125, 'belum'),
(893, 49127, 'belum'),
(894, 49172, 'belum'),
(895, 49218, 'belum'),
(896, 49258, 'belum'),
(897, 49327, 'belum'),
(898, 49378, 'belum'),
(899, 49382, 'belum'),
(900, 49526, 'belum'),
(901, 49532, 'belum'),
(902, 49561, 'belum'),
(903, 49562, 'belum'),
(904, 49568, 'belum'),
(905, 49615, 'belum'),
(906, 49627, 'belum'),
(907, 49631, 'belum'),
(908, 49673, 'belum'),
(909, 49678, 'belum'),
(910, 49687, 'belum'),
(911, 49721, 'belum'),
(912, 49728, 'belum'),
(913, 49738, 'belum'),
(914, 49752, 'belum'),
(915, 49851, 'belum'),
(916, 49856, 'belum'),
(917, 51236, 'belum'),
(918, 51248, 'belum'),
(919, 51273, 'belum'),
(920, 51284, 'belum'),
(921, 51287, 'belum'),
(922, 51293, 'belum'),
(923, 51294, 'belum'),
(924, 51327, 'belum'),
(925, 51367, 'belum'),
(926, 51374, 'belum'),
(927, 51378, 'belum'),
(928, 51398, 'belum'),
(929, 51423, 'belum'),
(930, 51426, 'belum'),
(931, 51432, 'belum'),
(932, 51479, 'belum'),
(933, 51623, 'belum'),
(934, 51642, 'belum'),
(935, 51678, 'belum'),
(936, 51687, 'belum'),
(937, 51742, 'belum'),
(938, 51743, 'belum'),
(939, 51746, 'belum'),
(940, 51768, 'belum'),
(941, 51794, 'belum'),
(942, 51827, 'belum'),
(943, 51837, 'belum'),
(944, 51894, 'belum'),
(945, 51928, 'belum'),
(946, 51938, 'belum'),
(947, 51984, 'belum'),
(948, 52139, 'belum'),
(949, 52147, 'belum'),
(950, 52174, 'belum'),
(951, 52179, 'belum'),
(952, 52186, 'belum'),
(953, 52198, 'belum'),
(954, 52314, 'belum'),
(955, 52349, 'belum'),
(956, 52367, 'belum'),
(957, 52368, 'belum'),
(958, 52371, 'belum'),
(959, 52374, 'belum'),
(960, 52418, 'belum'),
(961, 52431, 'belum'),
(962, 52471, 'belum'),
(963, 52473, 'belum'),
(964, 52489, 'belum'),
(965, 52493, 'belum'),
(966, 52614, 'belum'),
(967, 52631, 'belum'),
(968, 52641, 'belum'),
(969, 52674, 'belum'),
(970, 52678, 'belum'),
(971, 52679, 'belum'),
(972, 52691, 'belum'),
(973, 52697, 'belum'),
(974, 52738, 'belum'),
(975, 52793, 'belum'),
(976, 52813, 'belum'),
(977, 52846, 'belum'),
(978, 52871, 'belum'),
(979, 52873, 'belum'),
(980, 52893, 'belum'),
(981, 52896, 'belum'),
(982, 52934, 'belum'),
(983, 52948, 'belum'),
(984, 52961, 'belum'),
(985, 52981, 'belum'),
(986, 52984, 'belum'),
(987, 53124, 'belum'),
(988, 53126, 'belum'),
(989, 53164, 'belum'),
(990, 53169, 'belum'),
(991, 53172, 'belum'),
(992, 53197, 'belum'),
(993, 53217, 'belum'),
(994, 53247, 'belum'),
(995, 53294, 'belum'),
(996, 53296, 'belum'),
(997, 53416, 'belum'),
(998, 53417, 'belum'),
(999, 53467, 'belum'),
(1000, 53481, 'belum');

--
-- Indexes for dumped tables
--

--
-- Indexes for table `login_detail`
--
ALTER TABLE `login_detail`
  ADD PRIMARY KEY (`id_detail`);

--
-- Indexes for table `tbl_admin`
--
ALTER TABLE `tbl_admin`
  ADD PRIMARY KEY (`id_admin`);

--
-- Indexes for table `tbl_calon`
--
ALTER TABLE `tbl_calon`
  ADD PRIMARY KEY (`id_calon`);

--
-- Indexes for table `tbl_harapan`
--
ALTER TABLE `tbl_harapan`
  ADD PRIMARY KEY (`id_harapan`);

--
-- Indexes for table `tbl_penampung`
--
ALTER TABLE `tbl_penampung`
  ADD PRIMARY KEY (`id_penampung`);

--
-- Indexes for table `tbl_tata`
--
ALTER TABLE `tbl_tata`
  ADD PRIMARY KEY (`id_tata`);

--
-- Indexes for table `tbl_user`
--
ALTER TABLE `tbl_user`
  ADD PRIMARY KEY (`id_user`);

--
-- AUTO_INCREMENT for dumped tables
--

--
-- AUTO_INCREMENT for table `login_detail`
--
ALTER TABLE `login_detail`
  MODIFY `id_detail` int(11) NOT NULL AUTO_INCREMENT;
--
-- AUTO_INCREMENT for table `tbl_admin`
--
ALTER TABLE `tbl_admin`
  MODIFY `id_admin` int(11) NOT NULL AUTO_INCREMENT, AUTO_INCREMENT=5;
--
-- AUTO_INCREMENT for table `tbl_calon`
--
ALTER TABLE `tbl_calon`
  MODIFY `id_calon` int(11) NOT NULL AUTO_INCREMENT, AUTO_INCREMENT=23;
--
-- AUTO_INCREMENT for table `tbl_harapan`
--
ALTER TABLE `tbl_harapan`
  MODIFY `id_harapan` int(11) NOT NULL AUTO_INCREMENT, AUTO_INCREMENT=9;
--
-- AUTO_INCREMENT for table `tbl_penampung`
--
ALTER TABLE `tbl_penampung`
  MODIFY `id_penampung` int(11) NOT NULL AUTO_INCREMENT, AUTO_INCREMENT=21;
--
-- AUTO_INCREMENT for table `tbl_tata`
--
ALTER TABLE `tbl_tata`
  MODIFY `id_tata` int(11) NOT NULL AUTO_INCREMENT;
--
-- AUTO_INCREMENT for table `tbl_user`
--
ALTER TABLE `tbl_user`
  MODIFY `id_user` int(11) NOT NULL AUTO_INCREMENT, AUTO_INCREMENT=1001;
/*!40101 SET CHARACTER_SET_CLIENT=@OLD_CHARACTER_SET_CLIENT */;
/*!40101 SET CHARACTER_SET_RESULTS=@OLD_CHARACTER_SET_RESULTS */;
/*!40101 SET COLLATION_CONNECTION=@OLD_COLLATION_CONNECTION */;
